{
    "leveldata": [
        {
            "score": [
                80,
                160,
                240
            ]
        },
        {
            "score": [
                100,
                200,
                300
            ]
        },
        {
            "cuts": [
                {
                    "cutTypeId": 7,
                    "cutNum": [
                        1,
                        5,
                        10
                    ]
                }
            ]
        },
        {
            "cuts": [
                {
                    "cutTypeId": 100,
                    "cutNum": [
                        1,
                        2,
                        3
                    ]
                }
            ]
        },
        {
            "score": [
                300,
                1000,
                1500
            ],
            "uses": [
                {
                    "useId": 4,
                    "useNum": [
                        0,
                        1,
                        2
                    ]
                }
            ]
        },
        {
            "cuts": [
                {
                    "cutTypeId": 14,
                    "cutNum": [
                        2,
                        1,
                        0
                    ]
                }
            ]
        },
        {
            "score": [
                200,
                400,
                600
            ],
            "cuts": [
                {
                    "cutTypeId": 14,
                    "cutNum": [
                        0,
                        0,
                        0
                    ]
                }
            ]
        },
        {
            "score": [
                300,
                600,
                900
            ],
            "cuts": [
                {
                    "cutTypeId": 100,
                    "cutNum": [
                        1,
                        3,
                        5
                    ]
                }
            ]
        }
    ]
}