{
    "leveldata": [
        {
            "score": [
                80,
                160,
                240
            ],
            "cuts": [
                {
                    "cutTypeId": 50,
                    "cutNum": [
                        20,
                        30,
                        40
                    ]
                }
            ]
        },
        {
            "score": [
                300,
                600,
                900
            ]
        },
        {
            "cuts": [
                {
                    "cutTypeId": 5,
                    "cutNum": [
                        10,
                        20,
                        30
                    ]
                },
                {
                    "cutTypeId": 0,
                    "cutNum": [
                        10,
                        20,
                        30
                    ]
                }
            ]
        },
        {
            "cuts": [
                {
                    "cutTypeId": 100,
                    "cutNum": [
                        20,
                        40,
                        60
                    ]
                }
            ]
        },
        {
            "score": [
                400,
                800,
                1200
            ]
        },
        {
            "score": [
                500,
                1000,
                1500
            ],
            "uses": [
                {
                    "useId": 1,
                    "useNum": [
                        1,
                        1,
                        1
                    ]
                }
            ]
        },
        {
            "score": [
                300,
                600,
                900
            ],
            "cuts": [
                {
                    "cutTypeId": 14,
                    "cutNum": [
                        2,
                        4,
                        6
                    ]
                }
            ]
        },
        {
            "cuts": [
                {
                    "cutTypeId": 111,
                    "cutNum": [
                        3,
                        2,
                        0
                    ]
                }
            ]
        }
    ]
}