{
    "leveldata": [
        {
            "uses": [
                {
                    "useId": 4,
                    "useNum": [
                        1,
                        2,
                        3
                    ]
                }
            ]
        },
        {
            "cuts": [
                {
                    "cutTypeId": 14,
                    "cutNum": [
                        0,
                        0,
                        0
                    ]
                }
            ],
            "score": [
                500,
                1000,
                1500
            ]
        },
        {
            "score": [
                400,
                1000,
                1500
            ],
            "cuts": [
                {
                    "cutTypeId": 100,
                    "cutNum": [
                        10,
                        20,
                        30
                    ]
                }
            ]
        },
        {
            "score": [
                500,
                1000,
                1500
            ],
            "cuts": [
                {
                    "cutTypeId": 7,
                    "cutNum": [
                        10,
                        20,
                        30
                    ]
                },
                {
                    "cutTypeId": 100,
                    "cutNum": [
                        10,
                        20,
                        30
                    ]
                }
            ]
        },
        {
            "score": [
                1000,
                2000,
                3000
            ]
        },
        {
            "score": [
                1000,
                2000,
                3000
            ],
            "uses": [
                {
                    "useId": 2,
                    "useNum": [
                        1,
                        1,
                        1
                    ]
                },
                {
                    "useId": 4,
                    "useNum": [
                        1,
                        2,
                        3
                    ]
                }
            ]
        },
        {
            "score": [
                1500,
                3000,
                4500
            ],
            "cuts": [
                {
                    "cutTypeId": 100,
                    "cutNum": [
                        10,
                        20,
                        30
                    ]
                }
            ],
            "uses": [
                {
                    "useId": 1,
                    "useNum": [
                        1,
                        1,
                        1
                    ]
                },
                {
                    "useId": 4,
                    "useNum": [
                        1,
                        2,
                        3
                    ]
                }
            ]
        },
        {
            "score": [
                1500,
                10000,
                15000
            ]
        }
    ]
}